Applicants,Country of Ownership,2013,2014,2015,2016,2017,2018,2019,2020,2021,2022,2023,2024,Total
Pairwise Plants Services,United States,0,0,0,0,0,0,0,19,10,16,19,7,71
"Institute Of Crop Science, Chinese Academy Of Agricultural Sciences",China,0,1,1,1,2,7,11,7,11,6,11,7,65
Huazhong Agricultural University,China,0,0,0,1,2,4,6,9,10,2,7,12,53
South China Agricultural University,China,0,0,1,0,1,3,4,2,5,12,2,3,33
"Pioneer Hi-Bred International, Inc.",United States,0,0,0,0,5,0,6,13,4,2,1,1,32
Nanjing Agricultural University,China,0,0,0,0,2,2,3,0,5,8,5,4,29
China Agricultural University,China,0,0,0,0,1,0,9,4,3,3,3,5,28
"China Tobacco Yunnan Industrial Co., Ltd.",China,0,0,0,0,0,0,1,1,1,7,12,3,25
Monsanto Technology Llc,United States,0,0,4,0,6,0,4,0,1,8,1,1,25
"Lanzhou Veterinary Research Institute, Chinese Academy Of Agriculture Sciences",China,0,0,0,1,0,0,3,3,9,1,7,0,24
Zhejiang University,China,0,0,0,2,1,2,3,6,2,1,3,4,24
Fujian Agriculture And Forestry University,China,0,0,0,0,0,0,5,3,2,2,3,7,22
Henan Agricultural University,China,0,0,0,0,1,1,1,1,4,5,7,2,22
"Institute Of Genetics And Developmental Biology, Chinese Academy Of Sciences",China,0,0,0,8,0,5,2,0,2,1,1,1,20
Kws Saat Se & Co. Kgaa,Germany,0,0,0,1,5,5,3,1,0,1,0,2,18
Basf Plant Science Company Gmbh,Germany,0,0,0,0,4,4,0,0,1,7,0,0,16
Beijing Academy Of Agriculture And Forestry Sciences,China,0,0,0,0,0,1,0,2,1,0,4,8,16
"Institute Of Plant Protection, Chinese Academy Of Agricultural Sciences",China,0,0,0,1,0,0,3,2,1,1,3,3,14
Northwest A&F University,China,0,0,0,0,0,0,1,1,1,2,1,8,14
Hunan Hybrid Rice Research Center,China,0,0,0,3,1,0,3,1,2,0,0,0,10
Jiangsu Academy Of Agricultural Sciences,China,0,0,0,0,0,4,2,0,1,0,1,1,9
Regents Of The University Of Minnesota,United States,0,3,4,0,0,0,0,1,1,0,0,0,9
"Shanghai Customs Animal, Plant And Food Inspection And Quarantine Technology Center",China,0,0,0,0,0,0,0,1,1,6,0,1,9
Yangzhou University,China,0,0,0,0,0,0,1,1,1,2,3,1,9
All-Russian Research Institute of Agricultural Biotechnology,Russia,0,0,0,0,0,0,0,2,0,6,0,0,8
"Biotechnology Research Institute, Caas",China,0,0,0,0,1,0,0,1,1,2,2,1,8
Cas Center For Excellence In Molecular Plant Sciences,China,0,0,0,0,0,0,3,3,1,1,0,0,8
Shanghai Jiao Tong University,China,0,0,0,2,2,1,1,0,0,0,2,0,8
Shenyang Agricultural University,China,0,0,0,0,0,0,0,0,1,2,2,3,8
"Guangdong Sanjie Forage Biotechnology Co., Ltd",China,0,0,0,0,0,0,4,0,3,0,0,0,7
Keygene N.V.,Netherlands,0,0,0,0,4,0,2,0,0,0,1,0,7
Shandong Agricultural University,China,0,0,0,0,0,0,0,0,2,2,1,2,7
Southwest University,China,0,0,0,0,1,0,2,1,0,1,1,1,7
Yunnan Institute Of Tobacco Agriculture Science,China,0,0,0,0,1,3,3,0,0,0,0,0,7
Nanjing Forestry University,China,0,0,0,0,0,0,0,0,0,1,4,1,6
"Oil Crops Research Institute, Chinese Academy Of Agricultural Sciences",China,0,0,0,0,0,1,1,0,2,0,2,0,6
Sichuan Agricultural University,China,0,0,0,0,2,2,0,0,0,1,0,1,6
University Of Science & Technology Beijing,China,0,0,0,0,0,0,0,0,6,0,0,0,6
unspecified,n/a,0,4,0,1,0,0,0,0,0,0,0,0,5
Agricultural University In China,China,0,0,0,0,0,0,0,1,0,4,0,0,5
Anhui Agricultural University,China,0,0,0,0,0,0,0,0,0,1,0,4,5
Chinese Agricultural University,China,0,0,0,0,0,0,0,5,0,0,0,0,5
Chung Ang University,South Korea,0,0,0,0,0,0,0,0,1,2,2,0,5
Cibus Us Llccibus Europe B.V.,Netherlands,0,3,2,0,0,0,0,0,0,0,0,0,5
Dow Agrosciences Llc,United States,5,0,0,0,0,0,0,0,0,0,0,0,5
Horticulture Institute Of Xinjiang Academy Of Agricultural Science,China,0,0,0,0,1,0,3,0,0,0,0,1,5
Huaiyin Normal University,China,0,0,0,0,0,0,1,1,2,0,0,1,5
"Institute Of Botany, The Chinese Academy Of Sciences",China,0,0,0,0,0,0,1,2,0,0,0,2,5
"Institute Of Plant Protection, Faas",Pakistan,0,0,0,0,0,0,0,0,0,0,2,3,5
Keygene Nv,Netherlands,0,0,0,0,1,0,2,0,0,2,0,0,5
Limited Responsibility Company Of Yunnan Chinese Tobacco Industry,China,0,0,0,0,0,0,0,0,0,5,0,0,5
Oxford University Innovation Limited,United Kingdom,0,0,0,0,0,0,0,0,4,1,0,0,5
Sanya Nanfan Research Institute Of Hainan University海南大学三亚南繁研究院Sanya Research Institute Of Hainan University,China,0,0,0,0,0,0,0,0,0,0,3,2,5
The Regents Of The University Of California,United States,0,0,1,1,0,0,0,0,2,0,1,0,5
University Of Electronic Science And Technology Of China,China,0,0,0,1,1,0,1,0,1,0,1,0,5
Crop Research Institute Of The Sichuan Academy Of Agricultural Sciences,China,0,0,0,0,0,0,0,0,0,0,1,3,4
Guangzhou University,China,0,0,0,0,0,0,1,0,1,0,1,1,4
Henan Normal University,China,0,0,0,0,0,0,0,0,0,1,0,3,4
Henan University,China,0,0,0,0,0,0,0,0,0,1,1,2,4
Hubei University,China,0,0,1,0,0,0,1,0,0,0,1,1,4
Hunan Agricultural University,China,0,0,0,0,0,0,0,0,0,2,1,1,4
Hunan University,China,0,0,0,0,0,0,0,0,1,2,0,1,4
Inst Genetics & Developmental Biology Cas,China,0,0,0,3,0,1,0,0,0,0,0,0,4
"Institute Of Medicinal Plant Development, Chinese Academy Of Medical Sciences",China,0,0,0,0,0,0,0,0,1,0,3,0,4
Jilin Academy Of Agricultural Sciences,China,0,0,0,0,0,0,0,0,0,3,1,0,4
Kws Saat Se & Co Kgaa,Germany,0,0,0,0,1,1,2,0,0,0,0,0,4
Nanjing University,China,0,0,0,0,0,0,1,0,0,2,1,0,4
Northeast Forestry University,China,0,0,0,0,0,0,0,0,1,3,0,0,4
"Rice Research Institute, Anhui Academy Of Agricultural Sciences",China,0,0,0,0,0,0,1,1,1,0,0,1,4
Shenzhen Customs Animal And Plant Inspection And Quarantine Technology Center,China,0,0,0,0,0,0,0,0,0,1,1,2,4
Yunnan Agricultural University,China,0,0,0,0,0,0,0,0,2,0,2,0,4
경상국립대학교산학협력단Industry-Academic Cooperation Foundation Gyeongsang National University,South Korea,0,0,0,0,0,0,0,0,3,1,0,0,4
대한민국(농촌진흥청장)대한민국(농림축산식품부 농림축산검역본부장)Republic Of Korea(Management : Rural Development Administration)Republic Of Korea(Animal And Plant Quarantine Agency),Republic of Korea,0,0,0,0,0,0,0,0,0,4,0,0,4
"Agricultural Genomics Institute At Shenzhen, Chinese Academy Of Agricultural Sciences",China,0,0,0,0,0,0,0,0,0,1,1,1,3
Beijing Forestry University,China,0,0,0,0,0,0,0,1,0,0,1,1,3
"Chengdui Plant Service Co., Ltd.",China,0,0,0,0,0,0,0,1,2,0,0,0,3
China National Rice Research Institute,China,0,0,0,0,0,1,0,0,0,0,1,1,3
"China National Seed Group Co., Ltd.",China,0,0,0,1,0,0,1,1,0,0,0,0,3
"Cotton Research Institute, Chinese Academy Of Agricultural Sciences",China,0,0,0,0,0,0,0,0,1,1,1,0,3
"Editas Medicine, Inc.",United States,0,0,2,0,0,0,0,0,0,0,1,0,3
Gannan Normal University,China,0,0,0,0,0,0,0,0,1,0,2,0,3
Guangdong Academy Of Agricultural Sciences-Agricultural Biological Gene Research Center,China,0,0,0,0,0,0,0,1,0,1,1,0,3
Henan University河南大学Sanya Research Institute Of Henan University,China,0,0,0,0,0,0,0,0,0,0,1,2,3
Hubei Academy Of Agricultural Sciences Institute Of Food Crops湖北省农业科学院粮食作物研究所Huazhong Agricultural University,China,0,0,0,0,0,0,0,0,0,0,0,3,3
Institute Of Genetics And Developmental Biology Chinese Academy Of Sciences,China,0,0,0,1,2,0,0,0,0,0,0,0,3
Institute Of Tobacco Research Of Caas (Qingzhou Tobacco Research Institute Of China National Tobacco Company)中国农业科学院烟草研究所（中国烟草总公司青州烟草研究所）,China,0,0,0,0,0,0,0,0,0,0,2,1,3
Jilin Agricultural University,China,0,0,0,0,0,0,3,0,0,0,0,0,3
Nanchang University,China,0,0,0,0,0,1,0,1,0,0,1,0,3
"Northeast Institute Of Geography And Agroecology, Chinese Academy Of Sciences",China,0,0,0,0,0,0,0,1,2,0,0,0,3
"Pairwise Plants Services, Inc.Monsanto Technology Llc",United States,0,0,0,0,0,0,0,0,0,1,2,0,3
Peking University,China,1,0,0,0,1,0,1,0,0,0,0,0,3
Rice Research Institute Of Guangdong Academy Of Agricultural Sciences,China,0,0,0,0,2,0,0,0,1,0,0,0,3
Shandong University,China,0,0,0,0,0,0,0,0,0,2,1,0,3
Shanghai Academy Of Agricultural Sciences,China,0,0,0,1,1,0,0,0,0,1,0,0,3
Shanghai University,China,0,0,0,0,2,0,0,0,0,0,1,0,3
West (Chongqing) Science City Germplasm Creation And System Big Science Center西部（重庆）,China,0,0,0,0,0,0,0,0,0,0,1,2,3
Yichun University,China,0,0,0,0,0,2,0,0,0,1,0,0,3
Yunnan Academy Of Tobacco Agriculture Science,China,0,0,0,0,0,0,0,0,3,0,0,0,3
Zhejiang A&F University,China,0,0,0,0,0,0,1,0,0,1,0,1,3
대한민국(농촌진흥청장)Republic Of Korea(Management : Rural Development Administration),South Korea,0,0,0,0,0,0,0,1,2,0,0,0,3
한경대학교 산학협력단Hankyong Industry Academic Cooperation Center,South Korea,0,0,0,0,1,0,0,0,2,0,0,0,3
Basf Plant Science Co Gmbh,Germany,0,0,0,0,2,0,0,0,0,0,0,0,2
"Beidahuang Kenfeng Seed Industry Co., Ltd.",China,0,0,0,0,0,0,1,0,0,0,0,1,2
"Beijing Academy Of Agriculture And Forestry Sciences北京市农林科学院Institute Of Genetics And Developmental Biology, Chinese Academy Of Sciences",China,0,0,0,0,1,0,1,0,0,0,0,0,2
"Beijing Shou Jia Li Hua Sci-Tech Co., Ltd.北京首佳利华科技有限公司Xinyang Shoujia Lihua Agriculture Technology Co., Ltd.",China,0,0,0,0,0,0,0,0,2,0,0,0,2
Chen Chao,,0,0,0,0,0,0,2,0,0,0,0,0,2
Chinese People'S Liberation Army Army Specialized Medical Center西部（重庆）,China,0,0,0,0,0,0,0,0,2,0,0,0,2
Cibus Us Llcサイバス　ユーエス　エルエルシーCibus Europ B Vサイバス　オイローペ　ベスローテン　ヴェンノーツハップ,United States,0,0,0,0,0,0,0,1,1,0,0,0,2
"Cotton Research Institute, Shanxi Agricultural University",China,0,0,0,0,0,0,0,0,0,0,0,2,2
"Crop Research Institute, Guangdong Academy Of Agricultural Sciences",China,0,0,0,0,0,0,0,0,0,0,2,0,2
Crop Science Research Institute Of Chinese Academy Of Agricultural Sciences,China,0,0,0,0,0,0,0,0,2,0,0,0,2
Editas Medicine Inc,United States,0,0,2,0,0,0,0,0,0,0,0,0,2
Elsoms Dev Ltd,United Kingdom,0,0,0,1,0,1,0,0,0,0,0,0,2
Fudan University,China,0,0,0,2,0,0,0,0,0,0,0,0,2
Genkore Co. Ltd.,Japan,0,0,0,0,0,2,0,0,0,0,0,0,2
Guangdong Sanjie Forage Biotechnology Co Ltd,China,0,0,0,0,0,0,2,0,0,0,0,0,2
Guangxi Academy Of Agricultural Sciences,China,0,0,0,0,0,0,1,0,0,0,0,1,2
Guizhou Rice Research Institute,China,0,0,0,0,0,0,0,1,0,1,0,0,2
"Hainan Bolian Technology Co., Ltd.",China,0,0,0,0,0,0,0,0,0,0,2,0,2
Hainan University,China,0,0,0,0,0,0,0,0,0,0,1,1,2
Hangzhou International Science And Technology Innovation Center Of Zhejiang University,China,0,0,0,0,0,0,0,0,0,0,0,2,2
Hangzhou Normal University,China,0,0,0,0,0,0,0,1,0,0,1,0,2
"Hubei Biorun Synthetic Biological Technology Co., Ltd.",China,0,0,0,0,0,0,0,0,2,0,0,0,2
"Hubei University湖北大学Oil Crops Research Institute, Chinese Academy Of Agricultural Sciences",China,0,0,0,0,0,0,0,0,0,0,1,1,2
Huizhou University,China,0,0,0,0,0,0,0,0,0,2,0,0,2
Ingateygen Llc,United States,0,0,0,0,0,2,0,0,0,0,0,0,2
"Inner Mongolia Zhongke Zhengbiao Biotechnology Co., Ltd.",China,0,0,0,2,0,0,0,0,0,0,0,0,2
"Institute Of Crop Science, Chinese Academy Of Agricultural Sciences中国农业科学院作物科学研究所Biotechnology Research Institute, Caas",China,0,0,0,0,0,0,0,0,2,0,0,0,2
Institute Of Genetics & Developmental Biology Chinese Academy Of Sciences中国科学院遺▲伝▼与▲発▼,China,0,0,0,0,0,0,0,0,0,1,0,1,2
Institute Of Microbiology Chinese Academy Of Sciences,China,0,0,0,0,0,0,0,1,1,0,0,0,2
Institute Of Plant Protection Of Xinjiang Academy Of Agricultural Sciences新疆农业科学院植物保护研究所Chinese Academy Of Inspection And Quarantine,China,0,0,0,0,0,0,0,0,0,0,2,0,2
"Institute Of Tropical Bioscience And Biotechnology, Chinese Academy Of Tropical Agricultural Sciences",China,0,0,0,0,0,1,0,1,0,0,0,0,2
Jiangsu Lixiahe Region Agricultural Research Institute,China,0,0,0,0,0,0,0,0,0,0,2,0,2
"Jiangsu Sanshu Biotechnology Co., Ltd.",China,0,0,0,0,2,0,0,0,0,0,0,0,2
Jiangsu University,China,0,0,0,0,0,0,0,0,1,1,0,0,2
King Abdullah University Of Science And Technology,Saudi Arabia,0,0,1,1,0,0,0,0,0,0,0,0,2
"Kunming Institute Of Botany, Chinese Academy Of Sciences",China,0,0,0,0,0,0,2,0,0,0,0,0,2
Kws Saat Sekws,Germany,0,0,0,0,2,0,0,0,0,0,0,0,2
Nanjing Normal University,China,0,0,0,0,0,1,1,0,0,0,0,0,2
Nankai University,China,0,0,0,0,0,0,0,1,0,0,1,0,2
Nantong University,China,0,0,0,0,0,0,0,0,1,1,0,0,2
Ningbo University,China,0,0,0,0,0,0,0,0,1,0,0,1,2
Northeast Agricultural University,China,0,0,0,0,0,0,1,0,0,0,0,1,2
Pioneer Hi-Bred International Inc.,United States,0,0,0,0,0,0,2,0,0,0,0,0,2
Pioneer Overseas Corporationsinobioway Bio-Agriculture Group Co. Ltd.,China,0,0,0,0,0,0,2,0,0,0,0,0,2
Qingdao Agricultural University,China,0,0,0,0,0,0,0,1,0,0,0,1,2
Sanya Research Institute Of Henan University河南大学三亚研究院Henan University,China,0,0,0,0,0,0,0,0,0,0,2,0,2
"Sanya Research Institute, Chinese Academy Of Tropical Agricultural Sciences中国热带农业科学院三亚研究院Shandong Shunfeng Biotechnology Co., Ltd.",China,0,0,0,0,0,0,0,0,2,0,0,0,2
Shandong Normal University,China,0,0,0,0,0,0,0,0,0,0,2,0,2
Shanghai Agrobiological Gene Center,China,0,0,0,0,1,0,1,0,0,0,0,0,2
Shanghai Normal University,China,0,0,0,0,0,0,0,0,2,0,0,0,2
Shenzhen University,China,0,0,0,0,0,0,1,0,0,0,0,1,2
"South China Botanical Garden, Chinese Academy Of Sciences",China,0,0,0,0,0,0,0,1,0,1,0,0,2
Syngenta Crop Protection Ag,Switzerland,0,0,0,0,0,0,0,0,0,1,1,0,2
The Penn State Research Foundation,United States,0,1,0,0,0,0,0,0,0,0,1,0,2
Toolgen Inc,South Korea,1,0,0,0,0,0,0,0,1,0,0,0,2
Toolgen Incorporated,South Korea,0,0,0,0,0,0,0,0,2,0,0,0,2
Uestc,China,0,0,0,0,0,0,0,0,0,1,1,0,2
Univ California,USA,0,0,0,1,0,0,0,0,1,0,0,0,2
"University Of Florida Research Foundation, Incorporated",United States,0,0,0,0,0,0,0,0,0,0,1,1,2
"University Of Maryland, College Park",United States,0,0,0,0,0,0,0,1,1,0,0,0,2
University Of Science And Technology Of China,China,0,0,0,0,0,1,0,0,0,0,1,0,2
Vilmorin & Cie,France,0,0,0,0,0,2,0,0,0,0,0,0,2
West (Chongqing) Science City Germplasm Creation And System Big Science Center西部（重庆）科学城种质创制大科学中心Chinese People'S Liberation Army Army Specialized Medical Center,China,0,0,0,0,0,0,0,0,2,0,0,0,2
West (Chongqing) Science City Germplasm Creation And System Big Science Center西部（重庆）科学城种质创制大科学中心Southwest University,China,0,0,0,0,0,0,0,0,0,0,1,1,2
Western (Chongqing) Science City Germplasm Creation Science Center西部（重庆）科学城种质创制大科学中心Chinese People'S Liberation Army Army Specialized Medical Center,China,0,0,0,0,0,0,0,0,2,0,0,0,2
Xinyang Normal University,China,0,0,0,0,0,0,0,0,0,0,0,2,2
"Yuan Longping High-Tech Agriculture Co., Ltd.袁隆平农业高科技股份有限公司Hunan Yahua Academy Of Seed Sciences湖南亚华种业科学研究院Hunan Longping Hi-Tech Seed Science And Technology Institute Co., Ltd.",China,0,0,0,0,0,0,1,1,0,0,0,0,2
Zhejiang Academy Of Agricultural Sciences,China,0,0,0,0,1,0,0,0,0,0,0,1,2
Zhejiang Normal University,China,0,0,0,0,0,0,0,1,1,0,0,0,2
Zhengzhou University,China,0,0,0,0,0,0,0,1,1,0,0,0,2
"Dze Broad Institute Inc. (Us)Massachusetts Institute of Technology (Us)President Andrei Fellows of Harvard College (Us)Rutgers, The State University of New Jersey (Us)Autonomous Non-Commercial Educational Organization of Higher Education ""Skolkovo Institute of Science and Technology"" (Ru)The United States of America, Its Represented Bank, The Secretary Department of Health and Human Services (Us)Kunin, Eugene (Us)Zhang, Feng (Us)Wolf, Yuri, I. (Us)Shmakov, Sergey (Ru)Severinov, Konstantin (Us)Semenova, Ekaterina (Us)Minakhin, Leonid (Us)Makarova, Kira, S. (Us)Konermann, Silvana (Ch)Jung, Julia (Us)Gutenberg, Jonathan, S. (Us)Abudayeh, Omar, O. (Us)",United States,0,0,0,2,0,0,0,0,0,0,0,0,2
명지대학교 산학협력단Myongji University Industry And Academia Cooperation Foundation가톨릭대학교 산학협력단The Catholic University Of Korea Industry-Academic Cooperation Foundation,South Korea,0,0,0,0,0,0,0,1,0,0,1,0,2
서울대학교산학협력단Seoul National University R&Db Foundation,South Korea,0,0,0,0,0,0,0,0,1,1,0,0,2
주식회사 케이티앤지Kt & G Corporation,South Korea,0,0,0,0,0,0,1,1,0,0,0,0,2
"(주)이지템Easytem Co., Ltd.",South Korea,0,0,0,0,0,0,0,0,1,0,0,0,1
Abcam Plc,United Kingdom,0,0,1,0,0,0,0,0,0,0,0,0,1
Agricultural University Of Hebei,China,0,0,0,0,0,0,0,0,0,0,1,0,1
Agriculture Victoria Services Pty Ltd.,Australia,0,0,0,0,0,0,0,0,0,0,1,0,1
Anhui Academy Of Agricultural Sciences安徽省农业科学院水稻研究所Nanjing Agricultural University,China,0,0,0,0,0,0,0,0,0,1,0,0,1
Anhui Agricultural University安徽农业大学Crop Science Research Institute Of Chinese Academy Of Agricultural Sciences,China,0,0,0,0,0,0,0,0,1,0,0,0,1
Applied Stemcell Inc,United States,0,0,1,0,0,0,0,0,0,0,0,0,1
"Aquelfy (Shanghai) Medical Beauty Co., Ltd.水剥离（上海）",China,0,0,0,0,0,0,0,0,0,0,1,0,1
Avesthagen Limited,India,0,0,0,0,0,0,0,1,0,0,0,0,1
"Baoshan Huada Wisdom Agricultural Technology Co., Ltd.",China,0,0,0,0,0,0,0,1,0,0,0,0,1
"Beijing Academy Of Agriculture And Forestry Sciencesinstitute Of Genetics And Developmental Biology, Chinese Academy Of Sciences",China,0,0,0,0,1,0,0,0,0,0,0,0,1
"Beijing Academy Of Agriculture And Forestry Sciences北京市农林科学院Jingyan Yinong (Beijing) Seed Sci-Tech Co., Ltd.京研益农（北京）",China,0,0,0,0,0,0,1,0,0,0,0,0,1
Beijing Ciic Biological Agricultural International Research Institute,China,0,0,0,0,0,0,0,0,0,0,0,1,1
Beijing Normal University,China,0,0,0,0,0,0,0,0,0,0,1,0,1
Beijing University Of Agriculture,China,0,0,0,0,0,0,0,0,0,0,1,0,1
"Biogle Genome Technology (Jiangsu) Co., Ltd.",China,0,0,0,0,1,0,0,0,0,0,0,0,1
Biological Technology Institute Of Fujian Academy Of Agricultural Sciences,China,0,0,0,0,0,0,0,1,0,0,0,0,1
"Biology Security Center, Sanya China Academy Of Inspection三亚中国检科院生物安全中心Institute Of Plant Protection Of Xinjiang Academy Of Agricultural Sciences",China,0,0,0,0,0,0,0,0,0,0,1,0,1
Biotechnology Research Institute Of Chinese Academy Of Agricultural Sciences,China,0,0,0,0,0,0,0,0,0,1,0,0,1
Board Of Regents Of The Nevada System Of Higher Education On Behalf Of The University Of Nevada,United States,0,0,0,0,0,0,0,0,0,0,1,0,1
"Board Of Regents Of The Nevada System Of Higher Education, On Behalf Of The University Of Nevada",United States,0,0,0,0,0,0,0,0,0,0,0,1,1
"Cangzhou Bohai New Area Yatai Biotechnology Co., Ltd.",China,0,0,0,0,0,0,0,0,0,0,1,0,1
Canopy Growth Corporation,Canada,0,0,0,0,0,0,0,0,0,0,1,0,1
"China Agricultural Universityinstitute Of Genetics And Developmental Biology, Chinese Academy Of Sciences",China,0,0,0,0,0,1,0,0,0,0,0,0,1
China Jiliang University,China,0,0,0,0,0,0,0,1,0,0,0,0,1
Chinese Academy Of Forestry,China,0,0,0,0,0,0,0,1,0,0,0,0,1
Chung Ang University Industry Academic Cooperation Foundation,South Korea,0,0,0,0,0,0,0,0,0,1,0,0,1
Chungang University Industry Academic Cooperation Foundation,South Korea,0,0,0,0,0,0,0,0,1,0,0,0,1
Crop Research Institute Of Sichuan Academy Of Agricultural Sciences (Sichuan Germplasm Resource Center)四川省农业科学院作物研究所（四川省种质资源中心）,China,0,0,0,0,0,0,0,0,0,0,0,1,1
"Crop Research Institute, Shandong Academy Of Agricultural Sciences",China,0,0,0,0,0,0,0,0,0,0,1,0,1
"Crop Science Research Institute, Shanxi Academy Of Agricultural Science",China,0,0,0,0,0,0,1,0,0,0,0,0,1
"Crops Research Institute, Guangdong Academy Of Agricultural Sciences",China,0,0,0,0,0,0,0,1,0,0,0,0,1
Dalian University Of Technology,China,0,0,0,0,0,0,0,1,0,0,0,0,1
Dupont Nutrition Biosci Apsuniv Laval Canada,Canada,0,0,0,0,0,1,0,0,0,0,0,0,1
Dupont Nutrition Biosciences Apsuniversite Laval (Canada),Canada,0,0,0,0,0,1,0,0,0,0,0,0,1
Dupont Nutrition Biosciences Apsuniversité Laval (Canada),Canada,0,0,0,0,0,0,1,0,0,0,0,0,1
Dupont Nutrition Biosciences Aps杜邦营养生物科学有限公司Universite Laval (Canada)拉瓦尔大学（加拿大）,Canada,0,0,0,0,0,1,0,0,0,0,0,0,1
East China Normal University,China,0,0,0,0,0,0,0,0,0,0,0,1,1
"Editas Medicine,Inc.",United States,0,0,0,0,0,0,0,0,0,1,0,0,1
"Environment And Plant Protection Institute, Chinese Academy Of Tropical Agricultural Sciences",China,0,0,0,0,0,0,0,0,0,1,0,0,1
Foshan University,China,0,0,0,0,0,0,0,0,0,0,0,1,1
"Frontier Laboratories Of Systems Crop Design Co., Ltd.未名兴旺系统作物设计前沿实验室（北京）有限公司Peking University",China,0,0,0,0,0,1,0,0,0,0,0,0,1
Fujian Agriculture And Forestry University福建农林大学Jimei University,China,0,0,0,0,0,0,0,0,0,0,0,1,1
Future Industry Research Institute Of Yangtze River Delta Of安庆市长三角未来产业研究院Zhejiang University,China,0,0,0,0,0,0,0,0,0,1,0,0,1
Gansu Agricultural University,China,0,0,0,0,0,0,0,0,0,0,1,0,1
Genetic And Developmental Biology Research Institute Of Chinese Academy Of,China,0,0,0,0,0,0,0,1,0,0,0,0,1
Genkore Co Ltd,Japan,0,0,0,0,0,1,0,0,0,0,0,0,1
Grow More Foundation,India,0,0,0,0,0,0,0,0,0,0,1,0,1
Guangdong Institute Of Microbiology (Guangdong Detection Center Of Microbiology )广东省微生物研究所（广东省微生物分析检测中心）,China,0,0,0,0,0,0,0,1,0,0,0,0,1
"Guangdong Sanjie Herbage Biotechnology Co., Ltd.",China,0,0,0,0,0,1,0,0,0,0,0,0,1
Guangxi Academy Of Agricultural Sciences广西壮族自治区农业科学院Tianjin Normal University天津师范大学Foshan Kunpeng Modern Agricultural Research Institute,China,0,0,0,0,0,0,0,0,0,0,0,1,1
Guangxi University,China,0,0,0,0,0,0,0,0,0,1,0,0,1
Guangzhou Academy Of Agricultural Sciences,China,0,0,0,0,0,0,0,0,0,0,1,0,1
Guizhou Drought Grain Sorghum Research Institute,China,0,0,0,0,0,0,0,0,0,0,0,1,1
Hainan Research Institute Of Zhejiang University,China,0,0,0,0,0,0,0,0,0,0,0,1,1
"Harbin Veterinary Research Institute, Caas (Harbin Branch Of China Animal Health And Epidemiology Center)中国农业科学院哈尔滨兽医研究所（中国动物卫生与流行病学中心哈尔滨分中心）Shenzhen Agricultural Genome Institute Of Chinese Academy Of Agricultural Sciences (Lingnan Modern Agriculture Science And Technology Guangdong Province Shenzhen Branch Center)中国农业科学院深圳农业基因组研究所（岭南现代农业科学与技术广东省实验室深圳分中心）",China,0,0,0,0,0,0,0,0,0,0,0,1,1
Hebei University Of Science And Technology,China,0,0,0,0,0,0,0,0,1,0,0,0,1
"Hefei Jiangu Biotechnology Co., Ltd.",China,0,0,0,0,0,0,0,1,0,0,0,0,1
Henan Agricultural University河南农业大学China National Tobacco Corporation Sichuan Company,China,0,0,0,0,0,0,0,0,1,0,0,0,1
Henan Agricultural University河南农业大学Henan Institute Of Crop Molecular Breeding,China,0,0,0,0,0,0,0,0,0,1,0,0,1
"Henan Agricultural University河南农业大学Henan Qidu Agricultural Technology Co., Ltd.",China,0,0,0,0,0,0,0,0,0,0,1,0,1
"Henan Agricultural University河南农业大学Jiaozuo Jiudao Seedling Breeding Co., Ltd.",China,0,0,0,0,0,0,0,0,1,0,0,0,1
Henan Super Wheat Science And Technology Research Institute,China,0,0,0,0,0,0,0,0,0,0,1,0,1
Henan University Of Science And Technology,China,0,0,0,0,0,0,0,0,1,0,0,0,1
Henan Vocational College Of Agriculture河南农业职业学院Henan Agricultural University河南农业大学Henan Institute Of Science & Technology,China,0,0,0,0,0,0,0,0,0,0,0,1,1
"Hongchang Bio-Tech (Suzhou) Co., Ltd.鸿昶生物科技（苏州）",China,0,0,0,0,0,0,0,0,0,0,1,0,1
Huang Jiahui,,0,0,0,0,0,0,0,0,0,0,0,1,1
"Huazhong Agricultural University华中农业大学Jilin Academy Of Agricultural Sciences吉林省农业科学院Wimi Biotechnology (Jiangsu) Co., Ltd.未米生物科技（江苏）",China,0,0,0,0,0,0,0,0,1,0,0,0,1
Huazhong Agricultural University华中农业大学Linyi University,China,0,0,0,0,0,0,0,0,0,0,1,0,1
Hubei Academy Of Agricultural Sciences Institute Of Food Crops,China,0,0,0,0,0,0,0,0,0,0,0,1,1
"Hubei Biopesticide Engineering Research Center湖北省生物农药工程研究中心Institute Of Plant Protection, Chinese Academy Of Agricultural Sciences",China,0,0,0,0,0,0,0,0,0,0,1,0,1
"Hubei Chuzhirun Agricultural Development Co., Ltd.",China,0,0,0,0,0,0,0,1,0,0,0,0,1
"Hunan Agricultural University湖南农业大学Institute Of Plant Protection, Hunan Province",China,0,0,0,0,0,0,0,0,1,0,0,0,1
Hunan Institute Of Crops,China,0,0,0,0,0,0,0,0,0,0,1,0,1
"Inari Agriculture Technology, Inc.",United States,0,0,0,0,0,0,0,0,1,0,0,0,1
Inner Mongolia Autonomous Region Academy Of Agricultural & Animal Husbandry Sciences,China,0,0,0,0,0,0,0,0,1,0,0,0,1
Inner Mongolia University内蒙古大学China National Rice Research Institute,China,0,0,0,0,0,0,0,1,0,0,0,0,1
Inst Genetics & Developmental Biology Casuniv China Agricultural,China,0,0,0,0,0,1,0,0,0,0,0,0,1
"Institute Of Agricultural Engineering Technology, Fujian Academy Of Agricultural Sciences",China,0,0,0,0,0,0,0,0,0,1,0,0,1
"Institute Of Agro-Food Science And Technology, Chinese Academy Of Agricultural Sciences",China,0,0,0,0,0,0,0,0,0,1,0,0,1
"Institute Of Bast Fiber Crops, Chinese Academy Of Agricultural Sciences",China,0,0,0,0,0,0,0,0,0,1,0,0,1
"Institute Of Chinese Materia Medica, China Academy Of Chinese Medical Sciences",China,0,0,0,0,0,0,0,0,0,0,0,1,1
"Institute Of Crop Science, Chinese Academy Of Agricultural Sciences中国农业科学院作物科学研究所National Nanfan Research Institute, Sanya Chinese Academy Of Agricultural Sciences",China,0,0,0,0,0,0,0,0,0,0,1,0,1
"Institute Of Crop Science, Chinese Academy Of Agricultural Sciences中国农业科学院作物科学研究所National South Research Institute Of Sanya Academy Of Agricultural Sciences",China,0,0,0,0,0,0,0,0,1,0,0,0,1
"Institute Of Crop Science, Chinese Academy Of Agricultural Sciences中国农业科学院作物科学研究所Ordos Agriculture And Animal Husbandry Ecological And Resource Protection Center (Ordos City Cultivated Monitoring And Protection Center)鄂尔多斯市农牧业生态与资源保护中心（鄂尔多斯市耕地质量监测保护中心）",China,0,0,0,0,0,0,0,0,0,0,0,1,1
"Institute Of Crop Sciences, Chinese Academy Of Agricultural Sciences",China,0,0,0,1,0,0,0,0,0,0,0,0,1
"Institute Of Economic Crop, Hubei Academy Of Agricultural Science",China,0,0,0,0,0,0,0,1,0,0,0,0,1
"Institute Of Fruit Tree Research, Guangdong Academy Of Agricultural Sciences",China,0,0,0,0,0,0,0,1,0,0,0,0,1
"Institute Of Genetics And Developmental Biology, Chinese Academy Of Sciences中国科学院遗传与发育生物学研究所Institute Of Crop Science, Chinese Academy Of Agricultural Sciences",China,0,0,0,0,0,0,1,0,0,0,0,0,1
"Institute Of Medicinal Plant Development (Implad), Cams & Pumc",China,0,0,0,0,0,0,0,0,0,1,0,0,1
Institute Of Microbiology Of Chinese Academy Of Sciences,China,0,0,0,0,0,0,0,1,0,0,0,0,1
"Institute Of Urban Agriculture, Chinese Academy Of Agricultural Sciences",China,0,0,0,0,0,0,0,0,0,1,0,0,1
"Institute Of Vegetables And Flowers, Chinese Academy Of Agricultural Sciences",China,0,0,0,0,0,0,0,0,0,1,0,0,1
International Centre For Genetic Engineering And Biotechnology (Icgeb),Italy,0,0,0,0,0,0,0,1,0,0,0,0,1
Jawaharlal Nehru University (Jnu),India,0,0,0,0,0,0,0,0,1,0,0,0,1
Jianghan University,China,0,0,0,0,0,0,1,0,0,0,0,0,1
"Jiangsu Academy Of Agricultural Sciences江苏省农业科学院Nanjing Lihua Agricultural Technology Co., Ltd.",China,0,0,0,0,0,0,0,1,0,0,0,0,1
"Jiangsu Beiruili Biological Technology Co., Ltd.",China,0,0,0,0,1,0,0,0,0,0,0,0,1
Jiangsu Normal University,China,0,0,0,0,0,0,0,0,1,0,0,0,1
Jiangsu Science And Technology University,China,0,0,0,0,0,0,0,0,0,1,0,0,1
Jiangsu University江苏大学Jiangsu Academy Of Agricultural Sciences,China,0,0,0,0,0,0,0,0,0,0,0,1,1
Jiangxi Academy Of Agricultural Sciences,China,0,0,0,0,1,0,0,0,0,0,0,0,1
Jiangxi Agricultural University,China,0,0,0,0,0,0,0,1,0,0,0,0,1
Jiangxi Agricultural University江西农业大学China National Rice Research Institute,China,0,0,0,0,0,0,0,0,0,1,0,0,1
Jiangxi Super Paddy Rice Research Development Center (Jiangxi Academy Of Agricultural Sciences Hainan Paddy Rice Breeding Center)江西省超级水稻研究发展中心（江西省农科院海南水稻育种中心）,China,0,0,0,0,0,0,1,0,0,0,0,0,1
Jiangxi Super-Rice Research And Development Center,China,0,0,0,0,0,0,0,1,0,0,0,0,1
Jilin Academy Of Agricultural Sciences吉林省农业科学院Guangzhou University,China,0,0,0,0,0,0,0,1,0,0,0,0,1
Jilin Agricultural Science And Technology College,China,0,0,0,0,0,0,0,0,0,0,1,0,1
Jilin University,China,0,0,0,0,0,0,0,0,0,1,0,0,1
Jilin University吉林大学Jilin Academy Of Agricultural Sciences (Northeast Innovation Center Of China Agricultural Science And Technology)吉林省农业科学院（中国农业科技东北创新中心）,China,0,0,0,0,0,0,0,0,0,0,0,1,1
Jingchu University Of Technology,China,0,0,0,0,0,0,0,0,1,0,0,0,1
"Jiyinmeixinshi Life Technology (Shanghai) Co., Ltd.肌茵美信使酶生命科技（上海）",China,0,0,0,0,0,0,0,0,0,0,1,0,1
Kansas State University Research Foundation,United States,0,0,0,0,0,0,0,0,0,1,0,0,1
Korea Research Institute Of Bioscience & Biotechnology,South Korea,0,0,0,0,0,1,0,0,0,0,0,0,1
Kt&G Corporation,South Korea,0,0,0,0,0,0,0,0,1,0,0,0,1
"Kws Saat Se & Co. Kgaakws Saat Se & Co., Kgaa",Germany,0,0,0,0,1,0,0,0,0,0,0,0,1
Lanzhou University,China,0,0,0,0,0,0,0,0,0,1,0,0,1
"Lanzhou Veterinary Research Institute, Chinese Academy Of Agriculture Sciences中国农业科学院兰州兽医研究所Lanzhou University",China,0,0,0,0,0,0,0,0,0,0,1,0,1
Li Jia,,0,0,0,0,0,0,1,0,0,0,0,0,1
Linyi University,China,0,0,0,0,0,0,0,0,0,1,0,0,1
"Longping Biotechnology (Hainan) Co., Ltd.隆平生物技术（海南）",China,0,0,0,0,0,0,0,0,0,0,1,0,1
"Ludong Unviersity鲁东大学Shandong Baisihe Future Agricultural Technology Development Co., Ltd.山东百思禾未来农业科技发展有限公司Zhaoyuan Shenghui Agricultural Technology Development Co., Ltd.",China,0,0,0,0,0,0,0,0,0,1,0,0,1
Micolta Bioresource Inc.,Colombia,0,0,0,0,0,0,0,1,0,0,0,0,1
Modern Agricultural Research Institute Of Beijing University,China,0,0,0,0,0,0,0,0,0,1,0,0,1
"Nanfan Seed Institute, Guangdong Academy Of Sciences",China,0,0,0,0,0,0,0,0,0,1,0,0,1
Nanjing Agricultural University南京农业大学Beijing Vocational College Of Agriculture (Chinese Committee Of Rural Work Committee Party School)北京农业职业学院（中国共产党北京市委员会农村工作委员会党校）,China,0,0,0,0,0,0,0,0,0,0,1,0,1
"National Nanfan Research Institute, Sanya Chinese Academy Of Agricultural Sciences",China,0,0,0,0,0,0,0,0,0,0,0,1,1
"Noble Research Institute, Llc",United States,0,0,0,0,0,1,0,0,0,0,0,0,1
Northeast Normal University东北师范大学Huazhong Agricultural University,China,0,0,0,0,0,0,0,0,0,0,0,1,1
Northwest A&F University Shenzhen Research Institute,China,0,0,0,0,0,0,0,0,0,0,0,1,1
Northwest A&F University西北农林科技大学Gao Jinghui高景慧Peng Jiawen,China,0,0,0,0,0,0,0,0,0,0,1,0,1
Northwest Agriculture And Forestry Science And Technology University,China,0,0,0,0,0,0,0,0,1,0,0,0,1
"Oil Crop Research Institute Of Chinese Academy Of Agricultural Sciences中国农业科学院油料作物研究所Wuhan Middle Oil Geodesire Seed Industry Co.,",China,0,0,0,0,0,0,0,0,1,0,0,0,1
"Oil Crops Research Institute, Chinese Academy Of Agricultural Sciences中国农业科学院油料作物研究所Wuhan Zhongyou Dadi Xiwang Seed Industry Co., Ltd.",China,0,0,0,0,0,0,0,0,0,0,0,1,1
"Pioneer Hi-Bred International, Inc.Pioneer Hi-Bred International, Inc",United States,0,0,0,0,0,0,0,0,0,1,0,0,1
"Pioneer Overseas Corporationsinobioway Bio-Agriculture Group Co., Ltd.",China,0,0,0,0,1,0,0,0,0,0,0,0,1
Pioneer Overseas Corporation未名生物农业集团有限公司Sinobioway Bio-Agriculture Group Co. Ltd.,China,0,0,0,0,1,0,0,0,0,0,0,0,1
Plant Protection Research Institute Of Chinese Academy Of Agricultural Sciences,China,0,0,0,0,0,0,0,0,0,1,0,0,1
Purdue Research Foundation,USA,0,0,0,0,0,1,0,0,0,0,0,0,1
"Qingdao Haipi Rice Research And Development Center Co., Ltd.",China,0,0,0,0,0,0,0,0,0,1,0,0,1
"Qingdao Institute Of Bioenergy And Bioprocess Technology, Chinese Academy Of Sciences",China,0,0,0,0,1,0,0,0,0,0,0,0,1
"Qingdao Yuance Group Co., Ltd.",China,0,0,0,0,0,1,0,0,0,0,0,0,1
"Rubber Research Institute, Chinese Academy Of Tropical Agricultural Sciences中国热带农业科学院橡胶研究所Beijing Linglong Pugongying Technology Development Co., Ltd.北京玲珑蒲公英科技发展有限公司Beijing University Of Chemical Technology",China,0,0,0,0,0,0,0,1,0,0,0,0,1
"Rutgers, The State University Of New Jersey",United States,0,0,0,0,0,0,0,0,1,0,0,0,1
SOUTH CHINA AGRICULTURAL UNIVERSITY,China,0,0,0,0,0,0,1,0,0,0,0,0,1
"Saas Biotechnology And Nuclear Technology Research Institute四川省农业科学院生物技术核技术研究所Chengdu Yinong Agricultural Technology Co., Ltd.",China,0,0,0,0,1,0,0,0,0,0,0,0,1
"Saas Biotechnology And Nuclear Technology Research Institute四川省农业科学院生物技术核技术研究所Chengdu Yinong Agriculture Technology Co., Ltd.",China,0,0,0,0,0,0,1,0,0,0,0,0,1
Sanya Research Institute Of Hainan Academy Of Agricultural Sciences (Hainan Experimental Animal Research Center)海南省农业科学院三亚研究院（海南省实验动物研究中心）Shenzhen Customs Animal And Plant Inspection And Quarantine Technology Center深圳海关动植物检验检疫技术中心Shenzhen Academy Of Inspection And Quarantine,China,0,0,0,0,0,0,0,0,0,0,0,1,1
"Sanya Research Institute, Chinese Academy Of Tropical Agricultural Sciences中国热带农业科学院三亚研究院Grain Research Institute, Hebei Academy Of Agriculture And Forestry Sciences",China,0,0,0,0,0,0,0,0,0,0,1,0,1
Shandong Agriculture University,China,0,0,0,0,0,0,0,0,1,0,0,0,1
Shandong Crop Germplasm Center,China,0,0,0,0,0,0,1,0,0,0,0,0,1
"Shandong Jiurui Agricultural Group Co., Ltd.",China,0,0,0,0,0,0,0,0,0,0,0,1,1
Shandong Rice Research Institute,China,0,0,0,0,0,1,0,0,0,0,0,0,1
"Shandong Yantai Agricultural Sci & Tech Institute (Yantai Branch Of Shandong Academy Of Agricultural Sciences)山东省烟台市农业科学研究院（山东省农业科学院烟台市分院）Yantai Xugeng Agricultural Technology Co., Ltd.",China,0,0,0,0,0,0,0,0,0,0,1,0,1
"Shanghai Customs Animal, Plant And Food Inspection And Quarantine Technology Center上海海关动植物与食品检验检疫技术中心Shanghai Tech University",China,0,0,0,0,0,0,0,0,0,1,0,0,1
"Shanghai Institutes For Biological Sciences, Chinese Academy Of Sciences",China,0,0,0,0,1,0,0,0,0,0,0,0,1
Shanghai Jiaotong University School Of Medicine上海交通大学医学院Cas Center For Excellence In Molecular Plant Sciences,China,0,0,0,0,0,0,0,0,0,0,1,0,1
"Shanghai Normal University上海师范大学Shanghai Tolo Biotechnology Co., Ltd.上海吐露港生物科技有限公司Shanghai Customs Animal, Plant And Food Inspection And Quarantine Technology Center",China,0,0,0,0,0,0,0,0,0,0,0,1,1
Shanghai Traffic University,China,0,0,0,0,0,0,0,0,1,0,0,0,1
Shanxi University,China,0,0,0,0,0,0,0,0,0,1,0,0,1
"Shengyan Private Life Technology (Shanghai) Co., Ltd.圣言私密生命科技（上海）",China,0,0,0,0,0,0,0,0,0,0,1,0,1
Shenzhen Agricultural Genome Institute Of Chinese Academy Of Agricultural Sciences (Lingnan Modern Agriculture Science And Technology Guangdong Province Shenzhen Branch Center)中国农业科学院深圳农业基因组研究所（岭南现代农业科学与技术广东省实验室深圳分中心）,China,0,0,0,0,0,0,0,0,0,0,1,0,1
Shenzhen Bgi Agriculture Application Research Institute,China,0,0,0,0,0,0,0,0,0,0,1,0,1
"Sichuan Agricultural University四川农业大学Chengdu Chuannongniu Technology Co., Ltd.",China,0,0,0,0,0,0,0,0,0,1,0,0,1
Sinobioway Bio Agriculture Group Co Ltd未名生物农业集团有限公司Pioneer Overseas Corp,China,0,0,0,0,0,1,0,0,0,0,0,0,1
"Sinobioway Bio Agriculture Group Co., Ltd.未名生物农业集团有限公司Pioneer Overseas Corp.",China,0,0,0,0,1,0,0,0,0,0,0,0,1
Sinobioway Bio-Agriculture Group Co. Ltd.未名生物农业集团有限公司Pioneer Overseas Corporation,China,0,0,0,1,0,0,0,0,0,0,0,0,1
"Sinobioway Bioagriculture Group Co., Ltd.未名生物农业集团有限公司Pioneer Overseas Corporation",China,0,0,0,0,0,1,0,0,0,0,0,0,1
"South China Agricultural University华南农业大学Biotechnology Research Institute, Caas",China,0,0,0,0,0,0,1,0,0,0,0,0,1
South China Agriculture University华南农业大学Biotechnology Research Institute Of Chinese Academy Of Agricultural Sciences,China,0,0,0,0,0,0,0,0,0,1,0,0,1
"South China Agriculture University华南农业大学Guangdong Yongshun Biopharmaceutical Co., Ltd.",China,0,0,0,0,0,0,0,0,0,1,0,0,1
South China Normal University华南师范大学Cas Center For Excellence In Molecular Plant Sciences,China,0,0,0,0,0,0,0,0,1,0,0,0,1
South China Plant Garden Of Chinese Academy Of Sciences,China,0,0,0,0,0,0,0,0,0,1,0,0,1
Southern University Of Science And Technology,China,0,0,0,0,0,0,0,0,0,1,0,0,1
"Southwest University西南大学Guangxi Tianyang Jiadele Agricultural Development Co., Ltd.",China,0,0,0,0,0,0,0,0,0,0,0,1,1
Sun Yat-Sen University,China,0,0,0,0,0,0,0,0,0,0,0,1,1
"Suzhou Jinxin Biotechnology Co., Ltd.",China,0,0,0,0,0,0,1,0,0,0,0,0,1
Suzhou Qi Biodesign Biotechnology Company Limited,China,0,0,0,0,0,0,0,0,1,0,0,0,1
Suzhou Qi Biodesign Biotechnology Company Ltd,China,0,0,0,0,0,0,0,0,1,0,0,0,1
"Syngenta Biotechnology (China) Co., Ltd.先正达生物科技（中国）有限公司Syngenta Participation Ag",China,0,0,0,0,0,0,1,0,0,0,0,0,1
"Tea Research Institute, Chinese Academy Of Agricultural Sciences",China,0,0,0,0,0,0,0,0,0,1,0,0,1
"The Broad Institute, Inc.",United States,0,0,0,0,0,0,1,0,0,0,0,0,1
"The Broad Institute, Inc.Massachusetts Institute Of Technologyregents Of The University Of Minnesotapresident And Fellows Of Harvard College",United States,0,0,0,0,1,0,0,0,0,0,0,0,1
Tianjin Academy Of Agricultural Sciences,China,0,0,0,0,0,0,0,0,1,0,0,0,1
"Tianjin Genovo Bio Technology Co., Ltd.",China,0,0,0,0,0,0,1,0,0,0,0,0,1
Tianjin University,China,0,0,0,0,0,0,0,0,0,0,0,1,1
Tianjin University Of Science & Technology,China,0,0,0,0,0,0,0,0,0,0,0,1,1
Tobacco Research Institute Of Chinese Academy Of Agricultural Sciences,China,0,0,0,1,0,0,0,0,0,0,0,0,1
Tokyo Univ Of Agriculture,Japan,0,0,0,0,0,0,0,0,1,0,0,0,1
Toolgen Incツールゲン　インコーポレイテッド,Japan,0,0,0,0,0,0,0,0,0,0,0,1,1
Tropical Biotechnology Research Institute Of Chinese Tropical Agricultural Sciences,China,0,0,0,0,0,0,0,0,1,0,0,0,1
Tsinghua University,China,0,0,0,1,0,0,0,0,0,0,0,0,1
Univ Dresden Tech,Germany,0,0,0,0,0,0,0,0,0,0,1,0,1
Univ King Abdullah Sci & Tech,Saudi Arabia,0,0,0,1,0,0,0,0,0,0,0,0,1
Univ Maryland,United States,0,0,0,0,0,0,0,0,1,0,0,0,1
Univ Minnesota,United States,0,1,0,0,0,0,0,0,0,0,0,0,1
Univ Nanjing Agricultural,China,0,0,0,0,0,1,0,0,0,0,0,0,1
Univ Oxford Innovation Ltd,United Kingdom,0,0,0,0,0,0,0,0,1,0,0,0,1
Univ Ramot,Israel,0,0,0,0,0,0,0,0,0,0,1,0,1
"University Of Florida Research Foundation, Inc.University Of Florida Research Foundation, Incorporated",United States,0,0,0,0,0,0,1,0,0,0,0,0,1
University Of Washington,United States,0,0,0,0,1,0,0,0,0,0,0,0,1
University-Industry Cooperation Group Of Kyung Hee Universityresearch & Business Foundation Sungkyunkwan University,South Korea,0,0,0,0,0,0,0,0,0,0,0,1,1
"Unnamed Bio-Agricultural Group Co., Ltd未名生物农业集团有限公司Pioneer Overseas Company",China,0,0,0,0,0,0,1,0,0,0,0,0,1
Vegetable Res Institute Guangdong Academy Of Agricultural Sciencesinst Of Facility Agriculture Guangdong Academy Of Agricultural Sciences,China,0,0,0,0,0,0,0,0,0,0,1,0,1
Vegetable Research Institute Of Guangdong Academy Of Agriculture Sciences,China,0,0,0,0,0,0,0,0,0,0,1,0,1
"Vegetable Research Institute Of Guangdong Academy Of Agriculture Sciences广东省农业科学院蔬菜研究所Facility Agriculture Research Institute, Guangdong Academy Of Agricultural Sciences",China,0,0,0,0,0,0,0,0,0,1,0,0,1
Vegetable Research Institute Of Shanxi Academy Of Agriculture Sciences,China,0,0,0,1,0,0,0,0,0,0,0,0,1
"Weiming Xingwang System Crop Design Frontier Laboratory (Beijing) Co., Ltd.未名兴旺系统作物设计前沿实验室（北京）",China,0,0,0,0,1,0,0,0,0,0,0,0,1
Wuhan Academy Of Agricultural Sciences,China,0,0,0,0,0,1,0,0,0,0,0,0,1
"Wuhan Academy Of Agricultural Sciences武汉市农业科学院Hainan Sanya Crop Breeding Experimental Center, Xinjiang Academy Of Agricultural Sciences新疆农业科学院海南三亚农作物育种试验中心Hamimelon Research Center, Xinjiang Academy Of Agricultural Sciences",China,0,0,0,0,0,0,0,0,0,0,1,0,1
"Wuhan Aidijing Biotechnology Co., Ltd.",China,0,0,0,0,0,0,0,0,0,1,0,0,1
Wuhan Biological Engineering College,China,0,0,0,0,0,0,0,0,1,0,0,0,1
"Wuhan Botanical Garden, Chinese Academy Of Sciences",China,0,0,0,0,1,0,0,0,0,0,0,0,1
Wuhan University,China,0,0,0,0,0,0,0,0,1,0,0,0,1
"Wuhan University武汉大学Yuan Longping High-Tech Agriculture Co., Ltd.袁隆平农业高科技股份有限公司Wuhan Hetaiqing Biotechnology Co., Ltd.",China,0,0,0,0,0,0,0,0,0,0,0,1,1
"Wuhan Yikang Gene Technology Co., Ltd.",China,0,0,0,0,0,0,0,0,1,0,0,0,1
"Wuzhong City Hongsibao District Tianyuan Agriculture And Animal Husbandry Technology Development Co., Ltd.",China,0,0,0,0,0,0,1,0,0,0,0,0,1
Xinjiang University新疆大学Jing Siqun,China,0,0,0,0,1,0,0,0,0,0,0,0,1
Xinyang College Of Agriculture And Forestry,China,0,0,0,0,0,0,0,0,1,0,0,0,1
Yang Caixia,,0,0,0,0,0,0,0,0,0,0,1,0,1
Yangtze Normal University,China,0,0,0,0,0,0,0,0,0,0,1,0,1
Yellow River Conservancy Technical Institute,China,0,0,0,0,0,0,0,0,0,0,0,1,1
"Yunnan Nabo Biological Technology Co., Ltd.",China,0,0,0,1,0,0,0,0,0,0,0,0,1
"Yunnan Normal University云南师范大学Yunnan Yingmao Modern Agriculture Co., Ltd.",China,0,0,0,0,0,0,0,0,0,0,0,1,1
Yuxi Normal University,China,0,0,0,0,0,0,0,0,0,0,1,0,1
Zhejiang Academy Of Agricultural Sciences浙江省农业科学院Huzhou Academy Of Agricultural Sciences,China,0,0,0,0,0,0,0,1,0,0,0,0,1
"Zhejiang Meizhiao Seed Co., Ltd.",China,0,0,0,0,0,0,0,0,0,0,0,1,1
Zhejiang University Hangzhou International Science And Technology Innovation Center,China,0,0,0,0,0,0,0,0,0,1,0,0,1
"Zhejiang University浙江大学Zhejiang Zhijiang Seeds Co., Ltd.",China,0,0,0,1,0,0,0,0,0,0,0,0,1
Zhejiang Wanli University,China,0,0,0,0,0,1,0,0,0,0,0,0,1
Zhejiang Wanli University浙江万里学院Ningbo Academy Of Agricultural Science宁波市农业科学研究院Zhejiang Academy Of Agricultural Sciences,China,0,0,0,0,0,0,0,1,0,0,0,0,1
Zhengzhou Tobacco Research Institute Of Cntc,China,0,0,0,0,0,0,0,0,0,0,1,0,1
Zhengzhou Tobacco Research Institute Of Cntc中国烟草总公司郑州烟草研究院Henan University,China,0,0,0,0,1,0,0,0,0,0,0,0,1
"Zhenjiang Agricultural Science Institute, Jiangsu Hilly Areas",China,0,0,0,0,0,0,1,0,0,0,0,0,1
Zhongkai University Of Agriculture And Engineering,China,0,0,0,0,0,0,0,0,0,1,0,0,1
"Пайонир Хай-Бред Интернэшнл, Инк. (Us)",US,0,0,0,0,0,0,0,1,0,0,0,0,1
"Федеральное Государственное Научное Учреждение ""Всероссийский Научно-Исследовательский Институт Сельскохозяйственной Биотехнологии"" (Фгбну Вниисб) (Ru)",Russia,0,0,0,0,0,0,0,0,0,1,0,0,1
경희대학교 산학협력단University-Industry Cooperation Group Of Kyung Hee University,South Korea,0,0,0,0,0,0,0,1,0,0,0,0,1
서울대학교산학협력단(주)지플러스 생명과학Seoul National University R Amp;Db Foundationg-Flas Life Sciences,South Korea,0,0,0,0,1,0,0,0,0,0,0,0,1
서울대학교산학협력단대한민국(농촌진흥청장)Seoul National University R&Db Foundationrepublic Of Korea(Management : Rural Development Administration),South Korea,0,0,0,0,0,0,0,1,0,0,0,0,1
"주식회사 엘지화학Lg Chem, Ltd.",South Korea,0,0,0,0,0,0,0,0,1,0,0,0,1
주식회사 툴젠,South Korea,0,0,0,0,0,0,0,1,0,0,0,0,1
"한경대학교 산학협력단주식회사클론Hankyong Industry Academic Cooperation Centerclone Co., Ltd.",South Korea,0,0,0,0,0,0,0,1,0,0,0,0,1
한국생명공학연구원Korea Research Institute Of Bioscience And Biotechnology,South Korea,0,0,0,0,0,1,0,0,0,0,0,0,1
한양대학교 산학협력단서울대학교산학협력단Iucf-Hyu (Industry-University Cooperation Foundation Hanyang University)Seoul National University R&Db Foundation,South Korea,0,0,0,0,0,0,0,1,0,0,0,0,1